id;userName;userEmail;currentAddress;permanentAddress
1;Welch;wfleckness0@360.cn;Esker;5829 Badeau Trail
2;Tandy;tnorsister1@exblog.jp;Bartelt;32933 Bunker Hill Avenue
3;Justinian;jduffield2@deviantart.com;Golf;4 Hayes Plaza
4;Gradey;gbudnik3@usgs.gov;Sutteridge;67616 Anniversary Street
5;Verla;vpie4@narod.ru;Mesta;13442 Jenifer Drive
6;Tanny;thawkslee5@slate.com;Acker;562 6th Lane
7;Tracie;tstaniforth6@linkedin.com;Mallard;6730 Surrey Alley
8;Edd;egainsburgh7@state.gov;Havey;93451 Westend Circle
9;Tedmund;tantao8@sitemeter.com;Cottonwood;28797 School Pass
10;Marietta;mshafier9@php.net;Little Fleur;06 Lawn Court
11;Jemmie;jfranciottoia@jimdo.com;Mallory;807 Loeprich Way
12;Allyn;aginmanb@comsenz.com;Drewry;16 Wayridge Terrace
13;Dyan;dsuttiec@people.com.cn;Badeau;74697 Steensland Street
14;Marcellus;mgoreyd@earthlink.net;Forest;7 Waywood Alley
15;Lian;lyeabsleye@google.co.jp;Anthes;09317 Lotheville Circle
16;Rinaldo;rwoodesonf@opensource.org;Carpenter;2914 Clarendon Junction
17;Karia;kburrissg@nydailynews.com;Lukken;833 Cottonwood Avenue
18;Pamela;pnovakovich@cnbc.com;Ridge Oak;33 John Wall Street
19;Nicolette;nhavercrofti@sogou.com;Fairfield;835 Drewry Avenue
20;Joelie;jhambeltonj@un.org;Ridge Oak;26 New Castle Alley
21;Abbey;abridewellk@hostgator.com;Sachs;7 Monterey Road
22;Graham;gwalkdenl@reddit.com;Farragut;7053 Golf Course Road
23;Myrta;mskitteralm@netscape.com;Randy;286 Armistice Alley
24;Lou;lcharityn@wsj.com;Gulseth;55379 Northport Crossing
25;Lola;lwigmoreo@kickstarter.com;Bonner;3 Kropf Way
26;Katey;kscroggesp@huffingtonpost.com;Shopko;2 Merrick Pass
27;Stephannie;ssillsq@shareasale.com;Ruskin;4 Morning Terrace
28;Eddie;elovekinr@ustream.tv;Cardinal;2210 Golf Course Center
29;Letty;lgerbels@accuweather.com;Red Cloud;6076 John Wall Pass
30;Karlen;kstormontt@mediafire.com;6th;19273 Cody Road
31;Witty;wphilcottu@github.io;Longview;4067 Kropf Alley
32;Neall;ngoldhillv@skype.com;Graceland;2201 Sage Place
33;Bear;bdunnetw@ca.gov;Shopko;6 Crest Line Lane
34;Arturo;aagusx@sogou.com;Reindahl;05 Anniversary Parkway
35;Doretta;ddrysdaley@youku.com;Fairview;4231 Glendale Circle
36;Desmund;dconeybearez@hao123.com;Lakewood Gardens;231 Little Fleur Junction
37;Lind;lbeney10@nationalgeographic.com;Knutson;5 Bowman Trail
38;Brendon;bhewell11@sohu.com;Petterle;26681 5th Street
39;Dwayne;dvandenoord12@blog.com;Old Shore;891 Hanover Center
40;Granger;gsines13@creativecommons.org;Brentwood;57265 Dorton Terrace
41;Kain;kgale14@wp.com;Elgar;1 Glacier Hill Center
42;Elbert;elummus15@cam.ac.uk;Burrows;32 Dixon Point
43;Carine;credgrove16@live.com;Elmside;159 Hudson Center
44;Dilly;dschnitter17@upenn.edu;Marquette;35 Starling Avenue
45;Aleta;amuris18@yellowbook.com;Lakeland;697 Dapin Alley
46;Roda;rcaw19@sciencedirect.com;Dexter;3968 Crownhardt Place
47;Eward;efildery1a@admin.ch;Namekagon;6 Milwaukee Street
48;Abbey;acanada1b@topsy.com;Bashford;56 Green Ridge Parkway
49;Pru;pkennet1c@dagondesign.com;Fair Oaks;5 Mosinee Court
50;Rolland;rharkus1d@cmu.edu;Springview;39361 Moulton Plaza
51;Carroll;cmorrison1e@fc2.com;Maryland;52 Iowa Street
52;Rudd;rchasmer1f@dot.gov;Ronald Regan;18591 Florence Pass
53;Albie;agommowe1g@nih.gov;Jenna;3 Brentwood Park
54;Rhianna;rpittel1h@hc360.com;8th;68 Granby Center
55;Marketa;mlinacre1i@nyu.edu;Lunder;0241 Crescent Oaks Lane
56;Carlie;ccoase1j@huffingtonpost.com;Welch;34872 Ohio Center
57;Bailie;bhehnke1k@barnesandnoble.com;Elgar;21065 Scott Trail
58;Lorna;lwasmuth1l@japanpost.jp;Manufacturers;93 Monument Way
59;Godfry;glewton1m@ezinearticles.com;Bluestem;6087 Rowland Way
60;Sawyer;sguye1n@army.mil;Jenna;425 Lerdahl Trail
61;Emelia;emumbeson1o@adobe.com;Muir;45031 4th Terrace
62;Tull;terrett1p@google.de;Anniversary;1266 Rigney Road
63;Claudine;cbausor1q@disqus.com;Nova;89427 Ridge Oak Terrace
64;Cati;chaslocke1r@flickr.com;Kim;3 Steensland Alley
65;Ashley;abaelde1s@opera.com;Oak;1777 Lake View Terrace
66;Meggie;mwolverson1t@arstechnica.com;Kings;80407 Weeping Birch Pass
67;Gardiner;gbumpus1u@hubpages.com;Maple Wood;05 Bay Avenue
68;Dennis;dfebvre1v@chronoengine.com;1st;42977 Rutledge Plaza
69;Edin;erosevear1w@g.co;School;2687 Corry Parkway
70;Lewes;lgillis1x@oaic.gov.au;Surrey;97098 Anthes Terrace
71;Minta;mquadrio1y@com.com;Valley Edge;73389 Kings Alley
72;Boniface;bmcdyer1z@nasa.gov;Granby;83 Lighthouse Bay Court
73;Crawford;cwitherden20@princeton.edu;Maywood;32 Monument Point
74;Godard;gferrarini21@vinaora.com;Kennedy;8076 Hallows Alley
75;Sigismund;smarchington22@google.pl;Goodland;41 Ramsey Alley
76;Reggis;rmilhench23@odnoklassniki.ru;Bultman;1 Helena Plaza
77;Cristian;ctoffoloni24@prnewswire.com;Kim;0 Starling Trail
78;Pietrek;placy25@go.com;Nelson;09358 Atwood Parkway
79;Al;abearward26@ft.com;Loomis;5 Hoard Hill
80;Piotr;pcollyer27@bloomberg.com;Debs;76606 Dryden Trail
81;Selig;swickersley28@360.cn;Garrison;50 Northfield Drive
82;Harrison;heffaunt29@google.nl;Redwing;0 Westerfield Court
83;Ward;wpolak2a@si.edu;Weeping Birch;7797 Hintze Street
84;Herta;hmenlow2b@ucoz.ru;Warrior;846 Chinook Way
85;Tessa;tblachford2c@psu.edu;Anthes;824 Muir Hill
86;Antonina;aalderman2d@zdnet.com;Waywood;8 Forster Place
87;Lorelle;llucchi2e@miibeian.gov.cn;Bay;829 Packers Point
88;Gwenni;gfernant2f@bbb.org;Banding;7139 Luster Avenue
89;Franklyn;fwilliam2g@w3.org;Hayes;99 Esker Lane
90;Addie;amatthiesen2h@wix.com;Lakeland;96310 Fulton Terrace
91;Arron;adesimoni2i@auda.org.au;Summer Ridge;9 Stang Way
92;Dorthy;deger2j@simplemachines.org;Michigan;0738 Straubel Center
93;Felike;fporkiss2k@jimdo.com;Blaine;04221 Southridge Parkway
94;Lisha;ldahlback2l@unblog.fr;Superior;78527 Twin Pines Road
95;Mord;mdobble2m@technorati.com;Goodland;72016 Cherokee Terrace
96;Flin;flakin2n@vinaora.com;Onsgard;05 Dennis Avenue
97;Andee;awoodcock2o@europa.eu;Northfield;433 Mandrake Trail
98;Erica;ereynold2p@yandex.ru;Autumn Leaf;86 Algoma Parkway
99;Chucho;comara2q@mtv.com;Straubel;44 Charing Cross Court
100;Shannon;stieman2r@si.edu;Everett;5397 Birchwood Court
101;Byron;bkohnemann2s@ted.com;Independence;4 Division Street
102;Starla;stampion2t@who.int;Spaight;7 Lillian Lane
103;Kassia;kbenn2u@networksolutions.com;Shoshone;5 Macpherson Lane
104;Charlena;ceskell2v@fc2.com;Florence;96299 Ridge Oak Way
105;Queenie;qtomasi2w@facebook.com;Mifflin;7 Division Drive
106;Margarethe;mommanney2x@barnesandnoble.com;Redwing;50 Porter Plaza
107;Issie;itripe2y@studiopress.com;Helena;30 Macpherson Park
108;Esta;ewhitebread2z@vistaprint.com;Fulton;5920 Vera Center
109;Cordelie;cgoodrick30@csmonitor.com;Lighthouse Bay;5 Arkansas Place
110;Hamel;hclother31@nyu.edu;Quincy;69871 Graceland Road
111;Forest;fmccaskell32@behance.net;Cody;58312 Clemons Alley
112;Borden;bkleinber33@bing.com;Magdeline;199 Namekagon Way
113;Devora;dphilipeaux34@discuz.net;Eliot;3552 Maple Parkway
114;Cathi;cnorthill35@etsy.com;Fairfield;13103 Marcy Place
115;Adamo;adalling36@parallels.com;Lindbergh;611 Bayside Place
116;Normy;nleversuch37@nbcnews.com;Sheridan;66180 Nobel Junction
117;Shurlock;sroxburch38@cmu.edu;Farwell;90 Sugar Lane
118;Alden;agookes39@sbwire.com;Vera;032 Golden Leaf Park
119;Mitchell;mthirtle3a@xrea.com;Thompson;679 Wayridge Pass
120;Horatia;hguillot3b@free.fr;Del Mar;1820 Schmedeman Trail
121;Brian;bmaggiori3c@creativecommons.org;Dennis;50 Granby Place
122;Cacilie;cborghese3d@networkadvertising.org;Towne;412 Nobel Point
123;Loydie;ldelnevo3e@hostgator.com;Forest Dale;7 Northport Court
124;Parke;pcortin3f@smugmug.com;Myrtle;775 Transport Crossing
125;Robinia;rpotticary3g@webs.com;Waubesa;873 Drewry Junction
126;Homerus;htoulson3h@narod.ru;Kensington;7917 New Castle Street
127;Spike;slilburne3i@java.com;Saint Paul;3204 Arkansas Drive
128;Aili;atremolieres3j@networksolutions.com;Oriole;55233 Warner Plaza
129;Cindie;ckelley3k@state.gov;Cordelia;466 Petterle Trail
130;Brad;bleabeater3l@dion.ne.jp;Sherman;241 Green Ridge Park
131;Terra;talflatt3m@un.org;Rutledge;40 Longview Terrace
132;Orin;obondar3n@examiner.com;School;19586 Schlimgen Court
133;Candy;cparaman3o@altervista.org;Autumn Leaf;7 Moose Plaza
134;Denis;dvongrollmann3p@vistaprint.com;Browning;4289 Hooker Place
135;Cari;chunn3q@zdnet.com;Bartillon;2 Huxley Alley
136;Sebastien;sfomichkin3r@dyndns.org;Dorton;2351 Barnett Drive
137;Lucinda;lgowenlock3s@histats.com;Harbort;029 Artisan Way
138;Hillary;hwein3t@google.it;Lillian;74986 Green Ridge Place
139;Faustina;fmorford3u@samsung.com;Forest;58 Prentice Terrace
140;Michale;mcaney3v@ning.com;1st;33534 Algoma Road
141;Julita;jkose3w@zimbio.com;Mosinee;013 Melody Street
142;Hamnet;halldre3x@hibu.com;Golf Course;36644 Bultman Circle
143;Kristian;klippingwell3y@google.ru;Petterle;2403 Monica Crossing
144;Margaux;mevert3z@hao123.com;Bartelt;2 Linden Junction
145;Bard;bmoorcroft40@amazon.co.jp;Ridge Oak;1235 Manufacturers Crossing
146;Rhody;rlinford41@hibu.com;Reinke;3 Laurel Point
147;Bart;bbarneville42@amazon.com;Larry;64 Lighthouse Bay Point
148;Chris;cwynn43@bbb.org;Muir;7 Northwestern Hill
149;Caitrin;ccosslett44@oracle.com;Nancy;8489 Forest Plaza
150;Jervis;jupstone45@harvard.edu;Fulton;31 Donald Trail
151;Kassandra;kleeburne46@pagesperso-orange.fr;Steensland;5451 Upham Road
152;Larina;lseward47@cafepress.com;Bartillon;16 Meadow Valley Way
153;Julia;jwillavize48@amazon.co.uk;Kinsman;31 Jackson Plaza
154;Jamie;jmonni49@youtu.be;Cherokee;54 Clove Center
155;Titos;tcroad4a@cnet.com;Stuart;21 Bartelt Crossing
156;Kahaleel;kgouge4b@sohu.com;Anzinger;423 Calypso Alley
157;Shelley;soris4c@nationalgeographic.com;Little Fleur;2 Cody Park
158;Theodor;tbeal4d@princeton.edu;Kennedy;5 Harbort Street
159;Claude;cjorissen4e@issuu.com;Thompson;218 Brickson Park Terrace
160;Evyn;ekobus4f@amazon.co.jp;Harper;1 Caliangt Lane
161;Viola;vcollick4g@scientificamerican.com;North;21797 Oak Trail
162;Katine;kkohrding4h@shutterfly.com;Debs;0509 Morrow Circle
163;Kania;kgrinin4i@scientificamerican.com;Steensland;36 Killdeer Alley
164;Bell;bcaswell4j@patch.com;Sheridan;7263 Village Green Point
165;Catherina;ctarzey4k@lycos.com;Larry;8 Shasta Point
166;Cynde;cbarry4l@addtoany.com;Starling;4834 Elmside Hill
167;Anselm;aaizikowitz4m@smugmug.com;Hanover;755 Green Ridge Junction
168;Larisa;lbonicelli4n@cbslocal.com;Waubesa;59 Norway Maple Junction
169;Violette;vburberye4o@wsj.com;Londonderry;083 Melody Terrace
170;April;achatenier4p@columbia.edu;Village;7506 Myrtle Hill
171;Alene;apywell4q@opera.com;Nobel;85123 Derek Terrace
172;Whitney;wgoad4r@slideshare.net;Longview;61 Havey Point
173;Marcus;mnoteyoung4s@acquirethisname.com;Rockefeller;6598 Spohn Lane
174;Patrizius;pwitherop4t@pinterest.com;Kenwood;123 Myrtle Crossing
175;Kayle;kwiffill4u@amazon.com;Magdeline;293 Pepper Wood Lane
176;Umeko;ushawyer4v@google.fr;Tennyson;4 Mosinee Lane
177;Reinhold;rblamphin4w@apache.org;Maple;4 Michigan Pass
178;Yank;yfildery4x@cloudflare.com;Northview;51738 Toban Trail
179;Denny;dgrinnov4y@purevolume.com;Red Cloud;0 Texas Center
180;Leonardo;lgorman4z@sogou.com;Maryland;514 Acker Court
181;Norine;ncordle50@goo.gl;Schlimgen;7 Clarendon Lane
182;Myrtie;msmalman51@weebly.com;Starling;2 Caliangt Avenue
183;Angie;ahellens52@unicef.org;Eastlawn;7 Holmberg Park
184;Lissa;lfenne53@artisteer.com;Bowman;119 Eagle Crest Pass
185;Tiffi;tmcentagart54@amazonaws.com;Linden;112 Independence Place
186;Timmy;ttock55@netlog.com;Sage;391 Pond Avenue
187;Harv;hplessing56@elpais.com;Atwood;08 Hauk Park
188;Renaldo;rbesnardeau57@buzzfeed.com;Charing Cross;47172 Eggendart Court
189;Fraze;fblasing58@businessinsider.com;Ridgeview;472 Merchant Park
190;Deedee;dgrishelyov59@so-net.ne.jp;Rockefeller;531 Lake View Place
191;Carce;cmontford5a@yahoo.com;Mayfield;4 Browning Park
192;Karin;kkauble5b@last.fm;Bobwhite;164 Mendota Drive
193;Lurleen;lmcquirter5c@i2i.jp;Main;8480 Welch Point
194;Ariella;apaik5d@freewebs.com;Briar Crest;1 Esch Way
195;Joella;jconville5e@latimes.com;Everett;151 Beilfuss Point
196;Neal;nbarthrup5f@google.nl;Lawn;0325 Lawn Crossing
197;Thain;twehner5g@sogou.com;Old Gate;029 Delladonna Road
198;Berri;bsines5h@moonfruit.com;Leroy;481 Mosinee Point
199;Kelsi;kearthfield5i@arstechnica.com;Mallard;96537 Towne Alley
200;Jerri;jpaylie5j@addthis.com;Sauthoff;80380 Fairview Alley
201;Fiann;fparrington5k@cbslocal.com;Brown;476 John Wall Alley
202;Stirling;sgainsboro5l@photobucket.com;Almo;39867 Blue Bill Park Parkway
203;Chiquia;cdodell5m@cafepress.com;Summit;8 Gale Junction
204;Peyton;pashfield5n@ca.gov;Esker;12 Golden Leaf Plaza
205;Reggis;rdumelow5o@cdbaby.com;Troy;15 Nova Street
206;Willie;wcresar5p@economist.com;West;94 Armistice Center
207;Lydie;lburghill5q@cyberchimps.com;Gulseth;96 Eastlawn Plaza
208;Arabel;anuemann5r@wix.com;Cascade;04623 Springview Court
209;Rebe;rgiff5s@joomla.org;Park Meadow;09 Pond Alley
210;Nadiya;nradin5t@utexas.edu;Holy Cross;88 Shopko Circle
211;Roderich;rbitten5u@eventbrite.com;New Castle;3104 Carey Point
212;Colin;cmarner5v@amazon.co.uk;Vernon;2691 Crowley Court
213;Barbe;bhetterich5w@yahoo.co.jp;Lakeland;6 Eliot Circle
214;Nariko;ntroubridge5x@wsj.com;Claremont;59 South Plaza
215;Nicolas;nstower5y@auda.org.au;Loeprich;459 Gerald Drive
216;Denny;dthomton5z@example.com;Orin;719 Rusk Center
217;Rosemarie;rwileman60@aboutads.info;Fairfield;70477 Aberg Avenue
218;Holmes;hlawee61@mysql.com;Merchant;880 Division Terrace
219;Vernor;vshapero62@pbs.org;Fisk;69244 Buena Vista Junction
220;Smith;sbarbrook63@cbsnews.com;Russell;5816 Kim Plaza
221;Roderigo;rdilawey64@miitbeian.gov.cn;Fairview;984 Novick Drive
222;Annabela;ahellikes65@cnn.com;Drewry;51 Warbler Avenue
223;Tatiania;tdenyakin66@arizona.edu;Swallow;8 Grover Crossing
224;Vinnie;vkitchenside67@reddit.com;Bay;5 Mandrake Lane
225;Sammy;srodda68@wikipedia.org;Susan;96 Becker Hill
226;Ericka;emcjury69@purevolume.com;Beilfuss;939 Leroy Parkway
227;Kaylee;kdurno6a@pagesperso-orange.fr;Surrey;32 Main Pass
228;Reinaldo;rtrusse6b@plala.or.jp;Dennis;94 Laurel Park
229;Napoleon;nwressell6c@census.gov;Becker;8984 Kennedy Center
230;Kira;klokier6d@wisc.edu;Dahle;7 Prairie Rose Plaza
231;Corrinne;crapsey6e@fc2.com;Dovetail;79991 Autumn Leaf Park
232;Inglebert;iohlsen6f@answers.com;Colorado;625 Westridge Alley
233;Marley;mlemon6g@tamu.edu;Messerschmidt;39 Pankratz Lane
234;Torr;touterbridge6h@dedecms.com;Transport;66 Clyde Gallagher Point
235;Lil;liredell6i@cornell.edu;Lakewood Gardens;62 Karstens Place
236;Garland;gfeehely6j@t.co;Sugar;9244 American Ash Point
237;Jeffrey;jwhawell6k@biglobe.ne.jp;Veith;77 Mayer Terrace
238;Georgeta;gbraam6l@springer.com;Mariners Cove;7 David Street
239;Bar;bbreslau6m@delicious.com;Dawn;8 Farwell Drive
240;Nance;nthomerson6n@aboutads.info;Forest Dale;633 Morningstar Court
241;Chaunce;cbyrd6o@earthlink.net;Dakota;44860 Schiller Way
242;Tessa;teisikovitsh6p@phoca.cz;Dovetail;75 Troy Circle
243;Rogerio;rwilloughby6q@java.com;Bluestem;7 Atwood Drive
244;Ernest;ealbin6r@chron.com;Waubesa;8 Talmadge Point
245;Gilburt;gnutbrown6s@webmd.com;Waxwing;75434 Main Pass
246;Charity;cennever6t@prweb.com;Oriole;6 Michigan Hill
247;Aggy;abarke6u@1688.com;Green;331 Golf Pass
248;Athene;awhight6v@accuweather.com;Cottonwood;3497 Sheridan Avenue
249;Meghann;maiskrigg6w@webeden.co.uk;Russell;0452 Iowa Pass
250;Giacinta;gkeays6x@pagesperso-orange.fr;Toban;8 Dwight Avenue
251;Hugues;hstormes6y@census.gov;Armistice;2 Corscot Court
252;Stephanie;shullett6z@shop-pro.jp;Marquette;37572 Coolidge Avenue
253;Vannie;vbernocchi70@printfriendly.com;Waxwing;97 American Ash Plaza
254;Konstanze;kbaal71@etsy.com;Ryan;011 Dwight Avenue
255;Biddy;bschinetti72@liveinternet.ru;Morningstar;6565 Pearson Plaza
256;Ruth;rtossell73@altervista.org;Farmco;54 Shoshone Circle
257;Tildie;tstut74@skyrock.com;Acker;9 Meadow Valley Terrace
258;Teddie;tculbert75@auda.org.au;Acker;3230 Delladonna Plaza
259;Sela;sadriano76@usnews.com;Northland;377 Dixon Road
260;Gerhardt;gbothbie77@disqus.com;Schlimgen;611 Upham Trail
261;Maribeth;mbear78@google.it;Kingsford;829 Onsgard Terrace
262;Grazia;gbirdis79@live.com;Valley Edge;9971 Heffernan Park
263;Georgeta;gfoffano7a@chron.com;American;15896 Novick Alley
264;Tome;tbradtke7b@tiny.cc;Amoth;31 Maple Drive
265;Loraine;lreisenstein7c@acquirethisname.com;Iowa;227 Anhalt Parkway
266;Kellen;kberkowitz7d@guardian.co.uk;Oakridge;65459 Northland Crossing
267;Steffane;sbarfford7e@etsy.com;Texas;668 Bartelt Park
268;Delmore;dswate7f@rakuten.co.jp;Fulton;37728 Bellgrove Crossing
269;Averil;aiddison7g@princeton.edu;Doe Crossing;5 Fairfield Way
270;Marlin;mjagiela7h@virginia.edu;Westridge;70 Coolidge Hill
271;Sean;sbloodworthe7i@sun.com;Golf View;16345 Laurel Circle
272;Vivianne;vfellibrand7j@tripod.com;Vernon;9 Hollow Ridge Junction
273;Rory;rmallabone7k@woothemes.com;Maywood;9831 Hazelcrest Court
274;Bernardina;bsalerno7l@cnet.com;Jana;7856 Valley Edge Trail
275;Melicent;mranstead7m@ucsd.edu;Springs;9 Londonderry Avenue
276;Elva;edeerness7n@china.com.cn;Hagan;78 Village Green Place
277;Peterus;pfiler7o@adobe.com;Leroy;6 Bunting Trail
278;Lissi;lohalleghane7p@msu.edu;Pepper Wood;47 Brentwood Crossing
279;Madlin;mdragoe7q@tuttocitta.it;Dapin;3440 1st Street
280;Bryn;bheskey7r@ucoz.ru;Forest;202 Mariners Cove Place
281;Marlene;mdavenhill7s@rakuten.co.jp;Briar Crest;178 Riverside Pass
282;Joya;jbish7t@buzzfeed.com;Donald;8213 Vermont Parkway
283;Stafford;stithecott7u@ft.com;Michigan;35870 Mesta Place
284;Cordula;cspyer7v@cdbaby.com;Twin Pines;49386 Hanover Drive
285;Carlyle;cshaddock7w@marketwatch.com;Canary;77 Forster Circle
286;Bendix;bhazeldene7x@cyberchimps.com;Leroy;8859 Homewood Road
287;Benoite;bgaiter7y@google.co.jp;Esch;70692 Washington Drive
288;Efren;eoswald7z@si.edu;Wayridge;81 Nevada Drive
289;Britni;blamprey80@comcast.net;Monument;42 Parkside Lane
290;Caterina;clambswood81@toplist.cz;Dorton;8861 Upham Way
291;Melita;mlintott82@toplist.cz;Londonderry;1444 Cordelia Court
292;Malissia;mtolussi83@opensource.org;Memorial;9 Dwight Point
293;Trudy;tizaac84@hibu.com;Walton;47864 Hooker Crossing
294;Sidonia;shubberstey85@wix.com;Oak Valley;59 Macpherson Pass
295;Gwendolyn;gwhitehall86@archive.org;Bonner;61 Service Pass
296;Leif;lboyet87@barnesandnoble.com;Lake View;70247 Moose Hill
297;Bibbie;bdarrach88@biglobe.ne.jp;Nobel;2079 Corscot Center
298;Myer;mroughey89@time.com;Aberg;732 Lakeland Drive
299;Orelie;odavidovicz8a@msu.edu;Golden Leaf;026 Ronald Regan Parkway
300;Cesya;cwarters8b@goodreads.com;East;150 Elgar Pass
301;Randolf;ruphill8c@eventbrite.com;Atwood;92 Roxbury Point
302;Ellie;emcreynolds8d@virginia.edu;Brentwood;7 Dapin Avenue
303;Zorina;zpavlenkov8e@theglobeandmail.com;Dorton;250 Jackson Plaza
304;Gerick;gantonias8f@tinyurl.com;Talmadge;7 Vernon Center
305;Jacquelyn;jrushe8g@ovh.net;Ridgeway;5968 Caliangt Pass
306;Witty;wirnys8h@slashdot.org;High Crossing;959 Hudson Point
307;Mord;mcribbins8i@scribd.com;Porter;0006 Bluejay Center
308;Adan;agalilee8j@whitehouse.gov;Ridgeway;00 Londonderry Crossing
309;Adolpho;aburlingham8k@1688.com;Sutherland;9 Leroy Crossing
310;Caddric;cgilford8l@sogou.com;Heath;50392 Corry Pass
311;Tressa;tarend8m@wordpress.org;Eliot;63745 Dawn Alley
312;Erinna;ereilly8n@zimbio.com;Charing Cross;0723 Tomscot Place
313;Charisse;ccecchi8o@gmpg.org;Magdeline;273 Northland Trail
314;Waneta;warnhold8p@redcross.org;Lakewood;68083 Summer Ridge Trail
315;Darryl;dpafford8q@squarespace.com;Village Green;8514 Del Mar Circle
316;Leesa;lerrichi8r@earthlink.net;Arkansas;1788 Golden Leaf Point
317;Kizzie;kgooders8s@dagondesign.com;Manitowish;124 Summit Place
318;Caryn;clear8t@constantcontact.com;Spaight;45888 Sheridan Center
319;Peggie;pferneyhough8u@dot.gov;Declaration;1 Carpenter Way
320;Eliot;ewhayman8v@unblog.fr;Bobwhite;283 Shopko Circle
321;Germaine;gantrim8w@washingtonpost.com;South;4 Valley Edge Lane
322;Janot;jcolman8x@forbes.com;Canary;7046 Basil Place
323;Della;dproby8y@weebly.com;Loftsgordon;34203 Main Crossing
324;Kellsie;kpridmore8z@cargocollective.com;Jenna;0198 Mcbride Place
325;Finlay;ffullerd90@nhs.uk;Mariners Cove;06787 Crowley Center
326;Ag;asowrey91@usgs.gov;Caliangt;5 Petterle Center
327;Richy;rvarden92@desdev.cn;Havey;645 Clarendon Alley
328;Cleopatra;cgiacaponi93@ebay.com;Superior;13 Little Fleur Court
329;Frank;fwickmann94@scribd.com;Emmet;44 Heffernan Point
330;Yalonda;ylaurie95@cisco.com;Dapin;7 Carioca Terrace
331;Hernando;hwheelwright96@jugem.jp;Maywood;84033 West Terrace
332;Joice;jkehoe97@trellian.com;Buell;871 Harbort Center
333;Sawyer;swarlowe98@webnode.com;Melby;36 Mosinee Point
334;Heinrick;hpietrowicz99@dmoz.org;Mandrake;724 Northland Lane
335;Humfrid;htothacot9a@facebook.com;Eliot;5 Ronald Regan Alley
336;Daniela;dbagg9b@squarespace.com;Lyons;8 Fremont Court
337;Valentino;vchapling9c@lulu.com;Northwestern;9 Badeau Place
338;Rupert;rcastelot9d@skype.com;Hermina;657 Thackeray Drive
339;Bradan;btregenna9e@auda.org.au;New Castle;9268 Lighthouse Bay Trail
340;Mahala;moldroyd9f@google.com.br;Pepper Wood;73142 Hovde Parkway
341;Ric;rmckimmey9g@blog.com;Cherokee;08180 Troy Park
342;Ethe;eceller9h@pcworld.com;Continental;97 Summerview Alley
343;Gina;gtoomey9i@flickr.com;Lunder;38 Granby Street
344;Kassandra;kturpin9j@google.com;Hintze;84035 Heath Junction
345;Shayne;srosevear9k@1und1.de;Pawling;2294 Larry Junction
346;Collete;ccowderay9l@uiuc.edu;Anthes;9481 Fulton Alley
347;Gherardo;gbore9m@domainmarket.com;Kipling;48505 Springview Lane
348;Aubree;aplessing9n@goo.ne.jp;Golf View;862 Dawn Alley
349;Bank;bjee9o@gnu.org;Fulton;96142 Nelson Pass
350;Bard;bscutching9p@domainmarket.com;Bartillon;351 Kingsford Center
351;Shaylyn;scluett9q@ebay.co.uk;Hanson;62057 Nova Pass
352;Joshia;jdumbrill9r@netvibes.com;Swallow;51 Kipling Park
353;Elie;emaulden9s@cnbc.com;Evergreen;0697 Columbus Street
354;Antonetta;ablankett9t@smh.com.au;Maywood;168 Alpine Point
355;Fred;faylward9u@gizmodo.com;Johnson;3879 Shelley Place
356;Clarita;cgateland9v@phoca.cz;Truax;5887 Kings Crossing
357;Kimmi;ktippings9w@rambler.ru;Hallows;62 Paget Alley
358;Osborn;oecclesall9x@joomla.org;Schurz;3326 Prairieview Pass
359;Johan;jcamus9y@youtu.be;Eastwood;3792 Sommers Street
360;Reena;rcundey9z@bbb.org;Summit;673 Victoria Pass
361;Otis;oklaisa0@1688.com;Golden Leaf;95 Clemons Plaza
362;Uriel;uupwooda1@sun.com;Nelson;11 Westridge Trail
363;Shelba;sdevotea2@tinypic.com;Porter;412 Oriole Alley
364;Alikee;alavignea3@elegantthemes.com;Huxley;89 Northport Point
365;Junette;jkenwortheya4@abc.net.au;Nelson;2785 Thompson Lane
366;Galvin;gmadinea5@ebay.com;Dapin;45614 Longview Alley
367;Christy;cmcauliffea6@sogou.com;Steensland;3489 Bunker Hill Way
368;Nissy;nstainfielda7@godaddy.com;Vera;7203 Debs Terrace
369;Gwendolyn;gcastiblancoa8@dedecms.com;Portage;44946 Granby Junction
370;Chaddy;csargersona9@pagesperso-orange.fr;Gale;24 Russell Lane
371;Osborne;orendbaekaa@spiegel.de;South;4373 Huxley Terrace
372;Stormie;swykesab@stanford.edu;Morning;06 Donald Center
373;Corney;ckitleeac@cmu.edu;Steensland;28979 Bartillon Crossing
374;Gabbey;gbrothwoodad@over-blog.com;Nova;5457 Anzinger Street
375;Delora;dponterae@sfgate.com;Roth;9751 Troy Lane
376;Jocelyn;jshapiraaf@gnu.org;Continental;21 Prairie Rose Pass
377;Hayyim;hpostlethwaiteag@cornell.edu;Erie;5 Spohn Alley
378;Drusi;dfumagalloah@uiuc.edu;Browning;5 Jenifer Circle
379;Patsy;pbirchnerai@fema.gov;Pepper Wood;47229 Sage Place
380;Camila;cedrichaj@ebay.co.uk;Homewood;424 Porter Drive
381;Wilone;wmerrimanak@facebook.com;Warbler;188 Hooker Park
382;Frankie;fforrestal@accuweather.com;Meadow Ridge;579 Pleasure Junction
383;Ole;omcvittyam@drupal.org;Eastlawn;64762 Sunbrook Hill
384;Ambros;ajirousekan@independent.co.uk;Straubel;06 Warrior Center
385;Barney;bbackhouseao@php.net;Burrows;9 School Trail
386;Loni;lcisnerosap@ustream.tv;Green Ridge;3 Roth Way
387;Emelia;ebarajasaq@hao123.com;Walton;1 Roxbury Drive
388;Carleton;ccasieroar@chron.com;Blaine;19 Donald Road
389;Caz;cmeighanas@163.com;Vahlen;8 Hanover Lane
390;Nicola;npinxtonat@rakuten.co.jp;Duke;154 Merrick Lane
391;Dyanna;dsuermeierau@trellian.com;Trailsway;7 American Lane
392;Reggie;rmedcraftav@google.pl;Holy Cross;2 Mendota Alley
393;Meir;mdurdyaw@people.com.cn;Lukken;2 Thompson Park
394;Siward;sdoyax@amazon.com;Hazelcrest;3 Hanson Crossing
395;Ina;imenloveay@imdb.com;Lighthouse Bay;00128 Duke Place
396;Smitty;ssieneaz@netlog.com;Dorton;69031 Quincy Street
397;Matelda;mdalgarnochtb0@shinystat.com;Artisan;467 Manley Parkway
398;Elnar;elandsmanb1@addtoany.com;Crest Line;493 Dottie Terrace
399;Johnny;jdammarellb2@fema.gov;6th;8 Village Green Hill
400;Emelda;ewiggb3@hibu.com;Cordelia;5086 Westridge Pass
401;Anastassia;ahebbesb4@tripod.com;5th;6 Maywood Avenue
402;Dixie;dtrevainsb5@lulu.com;Di Loreto;20 Granby Center
403;Saxon;sfairchildb6@prlog.org;Caliangt;441 Dexter Crossing
404;Boone;bchaimb7@army.mil;Aberg;4005 Marcy Court
405;Boonie;bpetersonb8@jimdo.com;Shasta;4 Westport Trail
406;Itch;iwrightonb9@alibaba.com;Meadow Ridge;49 Carioca Pass
407;Killie;ksandwichba@google.de;Chinook;132 Macpherson Lane
408;Edwin;edeeblebb@spiegel.de;Hintze;389 Homewood Plaza
409;Daphna;dbullockebc@desdev.cn;Gale;75880 Nevada Hill
410;Siana;srandlebd@wiley.com;Kings;386 Shasta Hill
411;Gunther;grutleybe@cisco.com;Menomonie;56364 Ludington Road
412;Yorgos;yrimmingtonbf@geocities.com;Merchant;9 Victoria Pass
413;Alvy;aduchambg@cpanel.net;Service;402 Rowland Alley
414;Dalia;dallibertonbh@surveymonkey.com;Melvin;623 Village Center
415;Devlen;deilertbi@imgur.com;Quincy;1 Calypso Road
416;Kalle;kofeenybj@opera.com;Cody;274 Bayside Drive
417;Thaddus;tmarrettbk@businessweek.com;Shasta;8 Northport Junction
418;Joe;jguyonbl@nasa.gov;Memorial;4416 Kenwood Crossing
419;Nydia;nmalyanbm@xrea.com;Hollow Ridge;4135 Donald Place
420;Gothart;gdaousebn@fda.gov;Reindahl;1007 Shopko Point
421;Tresa;tdonglesbo@friendfeed.com;Straubel;74 Coleman Circle
422;Rudolfo;rvedyasovbp@accuweather.com;Park Meadow;69 Lake View Place
423;Dennet;dtustinbq@disqus.com;Surrey;2 John Wall Alley
424;Brew;bcancuttbr@illinois.edu;Pawling;20736 Shoshone Hill
425;Lurleen;lsauvainbs@networkadvertising.org;Lotheville;4923 Nova Point
426;Jessalin;jgraystonbt@studiopress.com;Dapin;76 Blackbird Crossing
427;Barton;blatekbu@techcrunch.com;Dixon;87241 Ronald Regan Point
428;Arnaldo;atopesbv@usda.gov;6th;49 Gerald Way
429;Maximilien;mgolledgebw@nbcnews.com;Glendale;4 Swallow Road
430;Mitch;melderfieldbx@wsj.com;South;6 Cottonwood Hill
431;Curtice;cwasbroughby@mtv.com;Armistice;007 Michigan Court
432;Leelah;lingletonbz@canalblog.com;Colorado;98142 Riverside Pass
433;Dela;ddollec0@apache.org;Fieldstone;7 Oak Valley Avenue
434;Genia;gberrickc1@shutterfly.com;Londonderry;04 Scoville Place
435;Jayne;jbolverc2@nydailynews.com;Esch;6 Memorial Circle
436;Barry;bworsfieldc3@comcast.net;Bowman;70451 School Trail
437;Damara;dfarniec4@gmpg.org;Amoth;4 Warbler Avenue
438;Alanah;abrometc5@ucoz.com;Anhalt;6497 Laurel Junction
439;Simone;sbottrillc6@tamu.edu;New Castle;92 Erie Terrace
440;Dur;dmoneryc7@infoseek.co.jp;Reindahl;8 Melby Place
441;Delly;dcoldmanc8@earthlink.net;Arizona;04 Lakewood Gardens Crossing
442;Sherline;sbutterwickc9@myspace.com;Northridge;2234 Warner Hill
443;Carolina;cboyettca@apache.org;Hoard;89792 Blue Bill Park Circle
444;Vassili;vdarbishirecb@archive.org;Esch;4175 Ruskin Junction
445;Glennis;glievesleycc@spotify.com;Muir;6 Merry Hill
446;Walliw;wblagbroughcd@mozilla.org;Ronald Regan;0318 Lerdahl Lane
447;Lil;lfaustce@noaa.gov;Lukken;7644 Fair Oaks Pass
448;Suzy;sjoscelyncf@shinystat.com;Mallory;3654 Pond Point
449;Alayne;adehooghcg@amazonaws.com;Everett;074 Butternut Circle
450;Carline;caberkirderch@alexa.com;Carpenter;65 Manitowish Circle
451;Morgan;mtaplowci@jiathis.com;Oriole;8432 Commercial Parkway
452;Ellsworth;ewinskillcj@rambler.ru;Melvin;9523 Sunnyside Crossing
453;Dacey;ddheninck@fc2.com;Gerald;3 Sachtjen Parkway
454;Dorthea;dwaszkiewiczcl@dailymail.co.uk;Park Meadow;5 Sugar Street
455;Kathie;kmazziacm@about.me;Lakeland;32357 Talmadge Road
456;Eryn;eabsalomcn@digg.com;Pawling;0 1st Plaza
457;Amabel;afronsekco@dell.com;Barnett;1 Memorial Road
458;Pam;pmoxsteadcp@vistaprint.com;Fairfield;6 Hoard Drive
459;Ravi;rshurrockscq@icq.com;Rieder;64 Jana Junction
460;Vale;vnewtoncr@alexa.com;Gina;59297 Old Shore Parkway
461;Sigismondo;sstannettcs@bandcamp.com;Mitchell;80 Gina Alley
462;Hewett;hfrancisct@usgs.gov;Steensland;6 Monument Circle
463;Sandie;sseillercu@whitehouse.gov;Hollow Ridge;94414 Shasta Center
464;Katti;ktabbernorcv@clickbank.net;Melrose;3 Saint Paul Road
465;Denice;dgildercw@google.cn;Grim;61865 High Crossing Place
466;Leia;lwagstaffcx@omniture.com;Old Shore;2809 Fieldstone Junction
467;Geri;gbraggintoncy@51.la;Sloan;99 Westend Court
468;Brena;bmcneacz@reference.com;Fieldstone;91 Manitowish Point
469;Odell;obangsd0@icio.us;Porter;27191 Monterey Terrace
470;Lindsay;lfuented1@privacy.gov.au;Dixon;53 Sullivan Plaza
471;Marlie;mgreatbankd2@pbs.org;Norway Maple;009 Nobel Road
472;Hugo;hmctavishd3@jigsy.com;Pleasure;5350 Bonner Junction
473;Vania;veberstd4@phpbb.com;Kings;81 Butternut Drive
474;Fenelia;fpeakd5@blogger.com;Meadow Vale;401 Rieder Parkway
475;Garrick;ghancilld6@skype.com;Nevada;5 Bayside Street
476;Danna;dkringed7@nifty.com;Golf View;678 Alpine Park
477;Chantalle;cmunneryd8@multiply.com;Onsgard;33 Prentice Avenue
478;Appolonia;acornboroughd9@dedecms.com;Pennsylvania;48098 Union Trail
479;Chaddy;csquierda@cornell.edu;Northland;1762 Vera Drive
480;Leta;lpanniersdb@naver.com;Eastlawn;71357 Eagle Crest Plaza
481;Cory;croggeronedc@cargocollective.com;Lunder;06 Scofield Park
482;Brenden;bgoodlakedd@amazon.co.uk;North;29975 Old Gate Point
483;Rodi;rcollefordde@live.com;Harper;1 Novick Avenue
484;Neala;nabbottdf@ehow.com;High Crossing;25 Karstens Terrace
485;Lisbeth;llimerdg@mozilla.org;Orin;0489 Red Cloud Court
486;Mallissa;mstarrsdh@indiatimes.com;Waywood;95605 Vermont Circle
487;Alleyn;aedmondsondi@cocolog-nifty.com;Evergreen;1 Butternut Circle
488;Rosamond;rduddandj@ed.gov;Stephen;13401 Lakewood Gardens Hill
489;Shela;sdavenelldk@gov.uk;Orin;30125 Warbler Parkway
490;Mathian;mbeveragedl@slideshare.net;Daystar;07908 Village Green Center
491;Marius;momanniondm@reverbnation.com;Prairie Rose;680 Oneill Hill
492;Guinna;ggilliatdn@exblog.jp;Schmedeman;0251 Parkside Point
493;Brockie;boakeshottdo@google.it;Straubel;384 Ridgeview Alley
494;Mead;mfassmanndp@craigslist.org;Sunfield;74 Rusk Street
495;Poul;pkinsettdq@senate.gov;Vidon;59 Main Junction
496;Beckie;bdominidr@sciencedaily.com;Russell;6 Fairfield Lane
497;Maris;mparmeterds@google.nl;Rieder;039 Blue Bill Park Place
498;Haskel;hvanderveldedt@hexun.com;Warner;17369 Anthes Place
499;Daile;dbowlingdu@myspace.com;Jenifer;10 Center Place
500;Baxie;broggeronedv@nifty.com;Anderson;351 Hauk Hill
501;Charlotte;cciccottidw@narod.ru;Bonner;58 Tony Junction
502;Goldie;glevindx@parallels.com;Calypso;98 Blackbird Court
503;Lynn;lruffeydy@godaddy.com;Buena Vista;2 Florence Hill
504;Neil;nsquibedz@state.tx.us;Sundown;7570 Sachtjen Crossing
505;Kingsly;ktrayse0@squidoo.com;Oak Valley;6 Veith Plaza
506;Meredith;mdescroixe1@1und1.de;Brown;3690 Spaight Crossing
507;Josefina;jcottye2@cpanel.net;Elgar;096 Pepper Wood Alley
508;Clarke;cskinnere3@ycombinator.com;Dovetail;78 Prentice Avenue
509;Yorker;yfeaseye4@ow.ly;Blackbird;379 Bultman Point
510;Joy;jshergolde5@google.fr;6th;3613 Derek Alley
511;Berti;bbilboroughe6@csmonitor.com;Meadow Vale;6233 Saint Paul Lane
512;Paquito;pchallinore7@theatlantic.com;Mesta;998 Red Cloud Drive
513;Bethany;bscamwelle8@java.com;Old Gate;35 Evergreen Alley
514;Rube;rbeacome9@pagesperso-orange.fr;Briar Crest;49505 Eggendart Hill
515;Francklyn;ffidockea@craigslist.org;Nobel;7232 Buena Vista Avenue
516;Raynor;rgabeyeb@macromedia.com;Lotheville;4163 Kensington Lane
517;Inness;ibealingec@nifty.com;Arizona;2455 Fuller Alley
518;Tore;thengoeded@economist.com;Gina;8 Fordem Street
519;Lindsay;lleatonee@surveymonkey.com;East;4590 Summerview Street
520;Blisse;bsandelandef@usnews.com;Summer Ridge;610 Dunning Terrace
521;Dimitri;dgrigorieg@businesswire.com;Sutteridge;20260 Waxwing Pass
522;Rasla;raleevyeh@goo.ne.jp;Doe Crossing;22334 Bashford Alley
523;Bale;bboorerei@theatlantic.com;Nelson;07668 Marquette Drive
524;Madalyn;mdecruzej@dell.com;Onsgard;64477 Mifflin Avenue
525;Vickie;vriggertek@seattletimes.com;Becker;500 Mariners Cove Point
526;Agathe;ahargraveel@chicagotribune.com;Division;1355 Glacier Hill Drive
527;Justen;josgodbyem@webnode.com;Milwaukee;579 Birchwood Terrace
528;Loise;lloben@chronoengine.com;Mayer;4733 Hermina Hill
529;Kassi;kgraylingeo@instagram.com;Thompson;61879 Dayton Junction
530;Warner;wrossonep@fastcompany.com;Fallview;646 Cody Court
531;Daisey;ddelleq@vimeo.com;Independence;704 Eggendart Way
532;Bekki;bcraiger@bizjournals.com;Caliangt;882 Sheridan Park
533;Kennith;kfeasteres@time.com;Meadow Valley;74 Loomis Drive
534;Adelice;afetteret@tuttocitta.it;Lake View;35247 Blackbird Avenue
535;Early;ewanklyneu@usnews.com;Reinke;7129 Superior Circle
536;Bail;bcuskeryev@aol.com;Toban;0 Schiller Lane
537;Cariotta;ctyasew@goo.gl;Corben;29875 Kingsford Drive
538;Viole;vgookeyex@dedecms.com;Crowley;30 Coleman Avenue
539;Dieter;dmatthewesey@house.gov;Forest Run;62723 Ramsey Hill
540;Christy;clordenez@istockphoto.com;Hoepker;4882 Gina Point
541;Netta;npartingtonf0@marriott.com;High Crossing;29824 Heath Parkway
542;Ezmeralda;emeechf1@php.net;Sutteridge;9996 Dayton Road
543;Pru;pgandertonf2@infoseek.co.jp;Paget;325 Donald Avenue
544;Ferdie;fallonf3@pen.io;Loftsgordon;869 Susan Crossing
545;Padriac;pgurryf4@csmonitor.com;Hermina;89 Redwing Hill
546;Lotty;lscaref5@usda.gov;Kennedy;03 Portage Plaza
547;Adan;adaftorf6@utexas.edu;Fairview;14223 Loeprich Hill
548;Natasha;nfomichkinf7@amazonaws.com;Truax;4046 Westport Hill
549;Murielle;mobalf8@wikia.com;Eagan;609 American Ash Street
550;Cathryn;cgalerf9@howstuffworks.com;Moose;3 Granby Terrace
551;Prentiss;pmardollfa@blogtalkradio.com;Moulton;06 Arizona Terrace
552;Aidan;alabbfb@newsvine.com;Fuller;98 Nelson Hill
553;Mendie;mpuntfc@usda.gov;2nd;4573 Hauk Lane
554;Bary;bvandalefd@so-net.ne.jp;Donald;3 Toban Crossing
555;Adelina;aclurowfe@cpanel.net;Dryden;4139 Drewry Way
556;Bronnie;bfellgettff@cdc.gov;Blaine;7036 Hayes Street
557;Duffie;dedwardfg@archive.org;Northview;2 Hoepker Court
558;Phaidra;pzukerfh@stanford.edu;Fuller;6 Artisan Trail
559;Fanny;fmccaskillfi@bloomberg.com;Moulton;9902 Texas Junction
560;Kerry;kmckerrowfj@spiegel.de;Miller;1325 Kennedy Alley
561;Teodorico;tkeesefk@joomla.org;Blaine;05513 Upham Way
562;Jeramey;jleschellefl@exblog.jp;Buhler;6052 Donald Drive
563;Janean;jlavarackfm@nationalgeographic.com;John Wall;73 Mesta Avenue
564;Sarah;sfrunksfn@vkontakte.ru;Oxford;0 Ilene Pass
565;Mahmud;mhabardfo@biblegateway.com;Arapahoe;268 Parkside Road
566;Jacquie;jpoytressfp@cbsnews.com;Del Mar;856 Spenser Crossing
567;Madalena;mfranzelfq@hud.gov;Elgar;2138 Union Park
568;Martelle;mivanishchevfr@mysql.com;Prairie Rose;4253 Sachs Parkway
569;Lamont;lgiffordfs@accuweather.com;Riverside;337 Bunting Plaza
570;Lucretia;lruggft@newsvine.com;Thackeray;55606 Vernon Way
571;El;ecrossonfu@youtube.com;Reinke;1 Village Green Park
572;Will;wfinchamfv@epa.gov;Utah;724 Jackson Crossing
573;Clea;cschuchmacherfw@usa.gov;Di Loreto;57781 Amoth Junction
574;Sigfrid;sdowbekinfx@angelfire.com;Menomonie;6770 Ohio Point
575;Fidelio;fyukhnevfy@e-recht24.de;East;28 Montana Circle
576;Felisha;fendleyfz@123-reg.co.uk;Schlimgen;855 Vermont Parkway
577;Miller;mlemanug0@nih.gov;8th;9 Norway Maple Hill
578;Ricky;rdinnageg1@comcast.net;Hauk;6 Crescent Oaks Trail
579;Alix;acalbaitheg2@flickr.com;Kinsman;5823 Portage Crossing
580;Virgilio;vroutledgeg3@smh.com.au;Shelley;77098 Meadow Vale Way
581;Carole;ccurnockg4@yellowpages.com;Duke;16818 Helena Lane
582;Neille;nosborng5@miitbeian.gov.cn;Canary;69012 Evergreen Trail
583;Fredelia;fbendikg6@google.fr;Burrows;46202 Park Meadow Pass
584;Melisse;mcoventong7@prweb.com;Warbler;70 Center Alley
585;Nelia;nbodeng8@pagesperso-orange.fr;Eagle Crest;66 Truax Plaza
586;Lizette;lfoucarg9@lulu.com;Gina;0 Crescent Oaks Terrace
587;Reggi;rdobbyga@live.com;Hintze;3 Onsgard Drive
588;Earlie;edictgb@sina.com.cn;Center;514 Comanche Junction
589;Nari;nhargessgc@addtoany.com;Prairieview;139 Hallows Park
590;Richard;rbohlingolsengd@odnoklassniki.ru;Arkansas;774 Farwell Park
591;Zebedee;zcallowge@rakuten.co.jp;Lawn;6 Jenna Center
592;Conrad;ccolletegf@hatena.ne.jp;Center;255 Sullivan Drive
593;Jess;jgurnergg@privacy.gov.au;Meadow Ridge;6 Grover Park
594;Page;pmcqueengh@addthis.com;Crest Line;72185 Homewood Plaza
595;Amelita;abollamgi@canalblog.com;Carioca;85 Burning Wood Way
596;Marney;mtreneargj@dell.com;3rd;657 Eastwood Crossing
597;Hervey;habelegk@unc.edu;Farmco;67 4th Plaza
598;Melodee;mmiklemgl@smugmug.com;Redwing;751 Thierer Drive
599;Caterina;cbradockgm@mac.com;Helena;0344 Gulseth Plaza
600;Konstantin;knowlandgn@imageshack.us;Stoughton;6631 Thierer Point
601;Addy;ajecockgo@state.gov;Columbus;33759 Blaine Parkway
602;Devondra;dbresnahangp@utexas.edu;Coleman;50473 Elka Street
603;Leigh;lwillmoregq@meetup.com;Crest Line;4 Di Loreto Parkway
604;Steffen;ssomersettgr@miibeian.gov.cn;Cardinal;6 Vidon Alley
605;Anni;awhiskerdgs@livejournal.com;Laurel;3191 Wayridge Pass
606;Ruddie;rdemchengt@histats.com;Brentwood;69 Kennedy Drive
607;Tracie;tbaseygu@google.com.br;Victoria;873 Farmco Junction
608;Annabel;ahatchmangv@upenn.edu;Maple Wood;1411 Graedel Place
609;Peadar;phulettgw@dot.gov;Vera;9 High Crossing Way
610;Gerty;gantunezgx@techcrunch.com;Hallows;413 Stone Corner Center
611;Phil;pmcgaraghangy@cdc.gov;Annamark;86287 Express Trail
612;Gwenore;gheaslygz@shareasale.com;Johnson;057 Arrowood Park
613;Dina;dtwellsh0@marketwatch.com;Kropf;9764 Pond Trail
614;Trent;trobelinh1@addtoany.com;Linden;897 Westend Junction
615;Vyky;vtremletth2@prnewswire.com;Oxford;9340 Del Mar Drive
616;Lin;lhalshawh3@huffingtonpost.com;Village;3 5th Point
617;Lonna;lirnysh4@slashdot.org;Paget;68 2nd Trail
618;Felicdad;fdelgadoh5@miibeian.gov.cn;Sutherland;05669 Lukken Pass
619;Ainslee;askeeteh6@ebay.co.uk;Farmco;35 Barnett Court
620;Malinde;mbodimeadeh7@mlb.com;Pond;9 Lakewood Gardens Circle
621;Arleta;ablatchfordh8@apple.com;2nd;57 Susan Lane
622;Tyson;tnicholash9@salon.com;Bluejay;07786 Quincy Pass
623;Jeremias;jadcocksha@msu.edu;Esch;72283 Westridge Plaza
624;Lynnet;lgratlandhb@purevolume.com;Sycamore;81 Eastlawn Pass
625;Annelise;aluckinhc@gov.uk;Coolidge;142 Gulseth Point
626;Gaylene;gcardnohd@pbs.org;Oak;87 Dovetail Pass
627;Madel;mhiskeyhe@phoca.cz;Green Ridge;38 Swallow Hill
628;Aylmar;amoreinuhf@meetup.com;Maywood;1827 Namekagon Junction
629;Gerik;gdranhg@illinois.edu;Toban;8418 Barnett Alley
630;Ash;akellewayhh@1688.com;Hooker;24792 Holy Cross Park
631;Jami;jdaishhi@163.com;Jenifer;8482 Express Court
632;Vita;vbaushj@i2i.jp;Maywood;1 Towne Crossing
633;Ernestine;eburtonwoodhk@paypal.com;Twin Pines;19851 American Circle
634;Cammy;cscrimshirehl@senate.gov;Almo;2586 Pearson Point
635;Ardisj;afaulkeshm@sfgate.com;Sherman;7 Green Ridge Road
636;Costanza;cderrickhn@usda.gov;Green Ridge;1543 Quincy Court
637;Antonia;amargettho@1688.com;Fuller;54052 Blaine Point
638;Olivie;olastyhp@cyberchimps.com;Londonderry;0 Alpine Terrace
639;Reamonn;rtolemachehq@engadget.com;Tennessee;381 Trailsway Road
640;Donnell;davramchikhr@ucoz.ru;Mariners Cove;30 Mallory Street
641;Phelia;pwhicherhs@nhs.uk;Jay;7 Raven Terrace
642;Sig;sburrageht@livejournal.com;Veith;355 Pennsylvania Terrace
643;Donia;ddjurkovichu@census.gov;Superior;8748 Melody Way
644;Joshia;jclearleyhv@sitemeter.com;Farmco;85993 Larry Drive
645;Virginia;vclemenconhw@oakley.com;Coolidge;03855 Grim Trail
646;Jocelyne;jparmeterhx@biblegateway.com;Garrison;2335 2nd Junction
647;Camey;cdunsirehy@economist.com;Kinsman;492 Ridge Oak Street
648;Emlyn;eshurvillehz@patch.com;Monument;389 Miller Drive
649;Joye;jmeckiffi0@admin.ch;Eagle Crest;7 Magdeline Hill
650;Baudoin;bwickinsi1@sakura.ne.jp;Bartelt;8 Sheridan Terrace
651;Cathrine;clownei2@domainmarket.com;Oak Valley;9464 Summer Ridge Trail
652;Tilly;thalbeardi3@lycos.com;Norway Maple;427 Anderson Street
653;Reba;rgillisoni4@berkeley.edu;Dottie;429 Meadow Valley Junction
654;Verina;vovizei5@eventbrite.com;Old Shore;435 Arizona Avenue
655;Peta;prutheni6@dailymail.co.uk;David;636 Scott Circle
656;Powell;pcamseyi7@mapquest.com;Pleasure;34 Hallows Park
657;Mildred;mclausenthuei8@msn.com;Cambridge;330 Blue Bill Park Parkway
658;Walt;wmedlicotti9@soup.io;Memorial;16936 Forest Dale Trail
659;Cristy;ctrotmania@un.org;Larry;49836 Birchwood Junction
660;Raynor;rlouisib@go.com;Oxford;6 Hazelcrest Point
661;Emmey;etailouric@parallels.com;Daystar;23410 Fisk Drive
662;Robin;rdumphriesid@businesswire.com;Debs;17567 Raven Terrace
663;Elvyn;ebudleighie@simplemachines.org;Fairfield;3817 Messerschmidt Alley
664;Desi;dverryif@umich.edu;Rigney;31410 Tennessee Lane
665;Giustino;gguerroig@shop-pro.jp;Express;1729 Weeping Birch Terrace
666;Lezley;linkerih@eventbrite.com;Coleman;20 Springview Place
667;Taite;tendrighiii@nifty.com;Scoville;211 Grasskamp Lane
668;Evonne;emuckersieij@freewebs.com;Carioca;427 Bonner Road
669;Pennie;pchastanetik@nasa.gov;Ridgeview;88167 Summit Circle
670;Cy;cfollanil@vimeo.com;Hagan;4 Rutledge Place
671;Carmencita;cgiggieim@over-blog.com;Lighthouse Bay;951 Troy Junction
672;Alyosha;abodleyin@networkadvertising.org;Monument;35765 Emmet Pass
673;Lauren;lwhitenio@bizjournals.com;Stuart;492 Ilene Street
674;Lian;ltofaniniip@aol.com;Elmside;90 Moose Road
675;Mathian;mcaineyiq@exblog.jp;Everett;1837 Redwing Circle
676;Chevalier;ccampioneir@seattletimes.com;Clyde Gallagher;642 Northwestern Lane
677;Sella;scrosscombeis@google.com.hk;Spenser;33 Jana Avenue
678;Caitrin;cgosswellit@apache.org;2nd;4 Clarendon Park
679;Whitaker;wsedmaniu@harvard.edu;Oriole;394 Golf Alley
680;Umberto;uideliv@intel.com;Dunning;4172 Crownhardt Plaza
681;Talia;tlangtreeiw@chronoengine.com;Farragut;1 Welch Road
682;Gabi;gballeix@wordpress.org;Canary;6187 Mendota Terrace
683;Hyman;hhaddockiy@reverbnation.com;Donald;013 6th Road
684;Nita;nmarkieiz@tumblr.com;Ridge Oak;93295 Riverside Terrace
685;Gabriello;gfarnfieldj0@toplist.cz;Clyde Gallagher;38024 Longview Lane
686;Lyda;lvaulsj1@java.com;Nancy;146 Nobel Junction
687;Marja;mranscombej2@about.me;Forest Run;0 Dayton Place
688;Corene;cgraalmanj3@pbs.org;La Follette;69810 Melby Park
689;Kesley;ksparej4@friendfeed.com;Prairieview;835 Huxley Circle
690;Jakob;jhartshornj5@bandcamp.com;Farragut;5713 2nd Avenue
691;Reggis;rdietzj6@prweb.com;3rd;86883 Wayridge Hill
692;Daisie;dqusklayj7@i2i.jp;Caliangt;34 Anniversary Terrace
693;Bone;bstoodalej8@privacy.gov.au;Colorado;60013 Milwaukee Street
694;Alphonso;ahulmesj9@redcross.org;Meadow Vale;05114 Hallows Parkway
695;Valentina;vwintersonja@feedburner.com;Warner;222 Beilfuss Terrace
696;Cord;cballisterjb@histats.com;Namekagon;114 Butterfield Center
697;Rainer;rtyrwhittjc@huffingtonpost.com;Summer Ridge;765 Pierstorff Plaza
698;Reiko;rsnashalljd@umn.edu;Riverside;276 Ronald Regan Parkway
699;Caprice;cbrandhamje@ocn.ne.jp;Myrtle;4124 Fulton Place
700;Rufus;randreassenjf@gov.uk;Rieder;6 Mcbride Plaza
701;Leslie;lharomejg@webmd.com;Judy;7365 Annamark Parkway
702;Muhammad;mbatcheldorjh@pcworld.com;Rusk;6 Declaration Place
703;Sigmund;sbainbriggeji@gravatar.com;Florence;321 Mitchell Hill
704;Hermine;hmcgeejj@go.com;Banding;1 Pawling Parkway
705;Eduino;elachezejk@berkeley.edu;Alpine;0919 Del Mar Alley
706;Olwen;otrevesjl@godaddy.com;Forest Run;8629 Blaine Pass
707;Gordie;gamirandajm@china.com.cn;School;7190 Westerfield Junction
708;Gerrard;gthurlingjn@is.gd;Lyons;2 Calypso Way
709;Kelbee;kstonnerjo@ox.ac.uk;Fulton;77 Chinook Way
710;Gasper;gcoryndonjp@deliciousdays.com;Larry;19194 Mitchell Park
711;Sibbie;sfattorijq@jigsy.com;Goodland;61 Spohn Road
712;Teresita;twheelanjr@cafepress.com;Tomscot;877 Sugar Road
713;Dagny;dyellepjs@moonfruit.com;Lindbergh;523 Truax Trail
714;Leonerd;ldollardjt@godaddy.com;Glendale;38 Loomis Court
715;Dede;dlongju@photobucket.com;Sherman;3 Randy Park
716;Sibelle;sdursleyjv@youtube.com;Columbus;8 Morrow Parkway
717;Jarib;jruppelinjw@scientificamerican.com;Maple;64 Brentwood Point
718;Tomas;tgerijx@soundcloud.com;Grover;40153 Vermont Trail
719;Damita;dkellerjy@indiatimes.com;Prairieview;37 Doe Crossing Road
720;Darryl;djellisjz@webs.com;Jay;32428 Grayhawk Trail
721;Anette;alordingk0@freewebs.com;Fairview;854 Mockingbird Hill
722;Alfy;amacgilfoylek1@delicious.com;Corscot;44595 Grasskamp Drive
723;Codie;cvillak2@smh.com.au;Crownhardt;71 Portage Center
724;Lauretta;lhaberfieldk3@icio.us;Village Green;19679 Crownhardt Lane
725;Rutter;randreolettik4@soup.io;Lakewood;36 Morrow Street
726;Alameda;abarkshirek5@yandex.ru;Forest;1673 Summerview Lane
727;Cleopatra;csainsberryk6@usatoday.com;Hoepker;44311 Schurz Place
728;Happy;hlisimorek7@privacy.gov.au;Atwood;85018 Mallard Road
729;Calhoun;clagesk8@oakley.com;Banding;0 Paget Hill
730;Hollyanne;hbaughk9@nationalgeographic.com;Hintze;6321 Northridge Circle
731;Jesselyn;jfortenka@squarespace.com;Shasta;26738 Knutson Terrace
732;Brendan;bmewkb@bloomberg.com;Calypso;369 Michigan Avenue
733;Humberto;hlawleskc@google.ca;Katie;0 Barby Terrace
734;Mame;mdreinankd@vkontakte.ru;Kinsman;397 East Court
735;Helene;hmussottike@wikispaces.com;Walton;75468 Debs Junction
736;Thurstan;torielkf@t.co;Algoma;14 Ridgeview Place
737;Jeffry;jpetriellokg@chron.com;Daystar;98407 Stone Corner Crossing
738;Humphrey;hwoodagekh@webnode.com;Sachtjen;4 Hudson Drive
739;Costanza;cgudgionki@google.fr;Oak;4 Maywood Crossing
740;Tess;tbattabeekj@java.com;Everett;861 Red Cloud Circle
741;Angelo;abassokk@amazon.co.uk;Amoth;570 Gateway Way
742;Petunia;pkennonkl@timesonline.co.uk;Melby;36313 Logan Point
743;Thor;ttollitkm@cnn.com;Summit;7896 Division Park
744;Dickie;dblackslandkn@patch.com;Susan;6 Luster Crossing
745;Carroll;charteleyko@howstuffworks.com;Fieldstone;46 Butternut Avenue
746;Darlleen;djerschkekp@sbwire.com;Redwing;5520 Drewry Park
747;Missy;mchorleykq@pinterest.com;Debs;8532 Dixon Circle
748;Bartholomew;bfilipponekr@miitbeian.gov.cn;1st;527 Burning Wood Road
749;Rebecca;rgongks@pbs.org;Oakridge;746 Springview Junction
750;Ewart;eubsdalekt@usatoday.com;Clove;3 Anzinger Crossing
751;Dorothee;ddumphreyku@nsw.gov.au;Mesta;3892 Laurel Point
752;Armand;akupeckv@tmall.com;Kinsman;0897 Gina Pass
753;Menard;mlenzkw@dyndns.org;Oneill;5 Sunbrook Junction
754;Dale;dpearmankx@flavors.me;Sherman;9896 Hagan Way
755;Gerrilee;gkeenky@1und1.de;Jana;609 Butternut Court
756;Thornton;tsorrokz@harvard.edu;Eggendart;33 Maple Center
757;Marabel;minklel0@quantcast.com;Hintze;2 Meadow Valley Hill
758;Caroljean;ctamsettl1@samsung.com;Chinook;94685 Memorial Road
759;Rustin;rspinasl2@jalbum.net;Northfield;2 Grasskamp Park
760;Biron;bshilll3@g.co;Main;25870 Rutledge Hill
761;Wandis;wjelksl4@xinhuanet.com;Kenwood;01769 Merchant Park
762;Gretna;gheindll5@1688.com;Parkside;6 Waubesa Terrace
763;Flori;fwegmanl6@mediafire.com;Messerschmidt;532 Grim Plaza
764;Freda;fbauldreyl7@elegantthemes.com;Glacier Hill;6 Coleman Parkway
765;Samantha;sspencersl8@samsung.com;Onsgard;34075 Rigney Lane
766;Nicoli;nmoralesl9@columbia.edu;Manley;9 Holmberg Pass
767;Keary;kcortonla@topsy.com;Nancy;480 Grover Pass
768;Quinlan;qbricketlb@hibu.com;Bay;04521 Shasta Plaza
769;Shellie;sgaydenlc@sphinn.com;American Ash;5 Schiller Drive
770;Michele;mpechald@netscape.com;Hooker;10404 Schmedeman Terrace
771;Farand;fmartinale@google.com;Talmadge;18836 Shoshone Trail
772;Kerrie;kpentycostlf@vistaprint.com;Mitchell;0665 Transport Crossing
773;Gasper;gorricklg@de.vu;Ridge Oak;34989 Stephen Alley
774;Warren;wsandlh@weather.com;Stuart;18 Goodland Drive
775;Gris;gharlettli@ameblo.jp;Upham;2759 5th Circle
776;Catriona;cpoppletonlj@china.com.cn;Bluestem;4 Gina Parkway
777;Marvin;mtissingtonlk@npr.org;Cottonwood;3688 Trailsway Lane
778;Cindi;cwethll@redcross.org;Merrick;040 Washington Point
779;Sheena;sjoneylm@cpanel.net;Miller;5054 Ramsey Pass
780;Norrie;nfreeburnln@ftc.gov;Cordelia;37 Ridgeview Parkway
781;Joby;jpetruskalo@oakley.com;Kropf;7 Walton Alley
782;Kareem;kruslenlp@usatoday.com;Boyd;54 Oneill Trail
783;Camala;cachrameevlq@sohu.com;Mcbride;08369 Merrick Parkway
784;Gay;gwineslr@springer.com;Comanche;086 David Point
785;Rhodia;rcresserls@360.cn;Ludington;393 Blue Bill Park Place
786;Blinny;bbraundslt@forbes.com;Scofield;3 American Trail
787;Jackquelin;jucchinolu@naver.com;Brickson Park;4643 Ridgeway Point
788;Adam;astapletonlv@latimes.com;Haas;23 Pepper Wood Pass
789;Julie;jwyllcocklw@answers.com;Becker;955 Dorton Crossing
790;Cherianne;clinnelx@ucla.edu;Pierstorff;81468 Vahlen Court
791;Bert;bbembriggly@wikimedia.org;Pennsylvania;5527 Pierstorff Court
792;Yvette;yburresslz@clickbank.net;Emmet;8364 Waubesa Street
793;Trish;tpetrakm0@dell.com;Heffernan;89374 Spenser Trail
794;Hodge;hmacnessm1@redcross.org;Armistice;48078 Lukken Trail
795;Giacomo;gaycem2@goo.ne.jp;Cardinal;4 Service Plaza
796;Welch;wkenwinm3@mediafire.com;Eastlawn;800 Katie Lane
797;Fiorenze;flaughnanm4@huffingtonpost.com;Stephen;10169 Badeau Point
798;Hammad;harnaldim5@ustream.tv;Larry;3551 Fair Oaks Terrace
799;Stacia;swaddilowm6@accuweather.com;Pankratz;58 Loomis Trail
800;Donn;dmullenm7@live.com;Sundown;7 Meadow Valley Junction
801;Ana;adiscombem8@ca.gov;Oak;7035 Schmedeman Junction
802;Doro;dbaldwinm9@ehow.com;Messerschmidt;21 Melody Parkway
803;Elnora;edionisettima@noaa.gov;Kennedy;35150 Monterey Junction
804;Sorcha;srozecmb@squidoo.com;Artisan;08087 Nancy Place
805;Augy;adoohermc@scribd.com;Del Mar;491 Crowley Parkway
806;Wilt;wstollmd@eventbrite.com;Marcy;82331 Mitchell Point
807;Rube;rbassillme@theglobeandmail.com;Ryan;113 Karstens Trail
808;Moyna;mcornejomf@exblog.jp;Granby;5377 Monica Lane
809;Wenonah;wmaxstedmg@webs.com;Kings;4 West Junction
810;Ertha;estovingmh@quantcast.com;Almo;857 Glacier Hill Crossing
811;Trix;trootemi@ehow.com;Sunnyside;1 Norway Maple Place
812;Florenza;fcrutchleymj@livejournal.com;Parkside;0065 Fairfield Hill
813;Stanwood;scordobamk@samsung.com;La Follette;20 Mallard Court
814;Regen;rlangthorneml@ucoz.com;Ridgeway;6 Little Fleur Parkway
815;Lenore;ldupreemm@microsoft.com;Calypso;5 Amoth Place
816;Chloris;crowthmn@spiegel.de;Arizona;589 Blue Bill Park Drive
817;Demetria;dfoystermo@cnn.com;Reinke;13 Mcbride Alley
818;Valenka;vmelvinmp@taobao.com;Northland;932 Susan Terrace
819;Lexy;lfyfieldmq@walmart.com;Browning;27633 Weeping Birch Parkway
820;Rowan;rballantinemr@cbslocal.com;Maryland;5 Florence Center
821;Otha;opaddisonms@mail.ru;Dakota;97 Kenwood Trail
822;Joeann;jkenealymt@multiply.com;Lerdahl;81 South Road
823;Jeanette;jpayntonmu@a8.net;Kim;6935 Northwestern Pass
824;Rabi;rcrankhornmv@lulu.com;Sugar;9 Larry Alley
825;Charmine;cdillandmw@deviantart.com;Banding;3 Canary Point
826;Ashley;amacgillicuddymx@joomla.org;Londonderry;2 Pleasure Pass
827;Jacquelin;jchaddertonmy@nasa.gov;Granby;46 Blackbird Hill
828;Gretna;gcluleemz@cocolog-nifty.com;Scott;43 Darwin Drive
829;Sammy;soakdenn0@adobe.com;Granby;138 David Avenue
830;Quinlan;qgathwaiten1@163.com;Susan;416 Milwaukee Place
831;Issiah;ihallwoodn2@hubpages.com;Huxley;526 Fairfield Way
832;Bernie;bwebbern3@soup.io;Fuller;6786 Kedzie Street
833;Marin;millingworthn4@parallels.com;American;27 North Lane
834;Olivero;orushsorthn5@livejournal.com;Weeping Birch;22 Hanover Alley
835;Blancha;bfrancesconen6@ustream.tv;Mallard;67869 Anthes Street
836;Etta;ecucinottan7@w3.org;Meadow Vale;934 Hansons Junction
837;Lawrence;lstrodern8@reverbnation.com;Pankratz;85 West Way
838;Katina;kgaliern9@dailymail.co.uk;Rieder;6 Dexter Lane
839;Derril;dtawtonna@vimeo.com;Miller;38 Waxwing Place
840;Burch;bcolcloughnb@pen.io;Cardinal;183 Florence Drive
841;Karola;kjuschkenc@deliciousdays.com;Moland;4016 Green Ridge Alley
842;Dody;dgleasanend@oracle.com;Holy Cross;15 High Crossing Way
843;Mel;mmicklemne@census.gov;Marquette;25 Scofield Hill
844;Turner;trunacresnf@uiuc.edu;Cascade;14 Schurz Court
845;Marysa;mcardisng@163.com;Bunting;0344 Orin Point
846;Paulie;psilknh@printfriendly.com;Washington;86 Lukken Lane
847;Fanya;ftyrrellni@samsung.com;Jay;12 Aberg Road
848;Correna;cbrundrettnj@amazon.co.jp;Mayer;29 Washington Crossing
849;Evelyn;eglencrosnk@blinklist.com;Hooker;86 Ridge Oak Terrace
850;Randene;rfeatherstonhaughnl@uiuc.edu;Bayside;71 Graedel Circle
851;Ericka;elittellnm@imageshack.us;Granby;938 Burrows Street
852;Chrissie;cmewnn@irs.gov;Garrison;68711 Meadow Valley Alley
853;Morganica;mfaustno@mysql.com;Lakewood;0 Reinke Point
854;Kirbee;kmenlownp@mail.ru;Hintze;4 Maryland Avenue
855;Maisie;mbarmbynq@europa.eu;Waywood;0282 Glacier Hill Junction
856;Shirlee;stimmsnr@infoseek.co.jp;Mccormick;71073 Buena Vista Drive
857;Lianna;lgregorions@weather.com;Spaight;7289 Red Cloud Street
858;Hanny;hduguidnt@ning.com;Mandrake;6 Paget Drive
859;Becky;bettlesnu@marketwatch.com;International;552 Duke Drive
860;Nealson;npeetenv@jugem.jp;Bayside;14 Claremont Road
861;Geoffry;glaitenw@wisc.edu;Continental;5 Cambridge Lane
862;Worthington;wobreennx@tiny.cc;Lien;3 Cody Circle
863;Sammie;sdellony@independent.co.uk;Pond;28 Shasta Terrace
864;Stavros;sdangelinz@ning.com;La Follette;28 Arkansas Avenue
865;Ingunna;iarsmitho0@alibaba.com;Arizona;3358 Corry Point
866;Ellery;elickesso1@cbc.ca;Grover;6 Norway Maple Hill
867;Toni;tsymoneso2@xing.com;Stang;14 Memorial Crossing
868;Boone;bnickelso3@tinyurl.com;Swallow;5814 Becker Alley
869;Pandora;pellimano4@google.cn;Forest Dale;1825 Daystar Circle
870;Elysha;ecogleo5@multiply.com;Bonner;93 Dorton Parkway
871;Jordana;jhastedo6@wikia.com;Green;6 Stoughton Circle
872;Georgeta;gbrunskillo7@jiathis.com;Toban;87848 Debra Drive
873;Howey;hgarieo8@apple.com;Summit;3331 Stoughton Drive
874;Wilfrid;wgauldo9@youku.com;Stone Corner;6003 Emmet Park
875;Sibyl;sdrysdelloa@wordpress.org;Green Ridge;76964 Merchant Circle
876;Gianna;gstatenob@1688.com;Roth;114 Loomis Way
877;Zuzana;ztabertoc@mac.com;Jenna;14549 Ridge Oak Lane
878;Manolo;mleprovostod@about.com;Duke;03567 Thompson Plaza
879;Pris;pfawcusoe@ucoz.ru;Truax;700 Bluejay Pass
880;Berenice;bcaleof@mysql.com;Logan;5930 Dahle Circle
881;Jason;jpopleog@etsy.com;Mifflin;1 Atwood Parkway
882;Hobie;hmalamoh@yandex.ru;Monica;72 Melvin Hill
883;Glendon;glevittoi@infoseek.co.jp;Fuller;6703 Iowa Place
884;Tisha;tbarrusoj@godaddy.com;Coleman;11 Pennsylvania Drive
885;Ashlen;adreherok@booking.com;Sachtjen;5301 Golden Leaf Way
886;Emelina;efellgateol@gizmodo.com;Oakridge;672 Stone Corner Parkway
887;Dre;dhayllerom@tripadvisor.com;Graedel;50 Brown Way
888;Estele;ecuckooon@jimdo.com;Moose;534 Mcguire Point
889;Sherye;sipsleyoo@weibo.com;Moose;343 Marquette Drive
890;Ranna;rliepmannop@barnesandnoble.com;Springs;13 Butterfield Park
891;Domenico;dmandifieldoq@1688.com;Badeau;583 Merchant Avenue
892;Wynne;wskewesor@reddit.com;Crest Line;50131 Mosinee Pass
893;Levon;lupshallos@alibaba.com;Bunting;18 Killdeer Drive
894;Kendell;kiacovoloot@thetimes.co.uk;Orin;6 Briar Crest Point
895;Rudolfo;rmickleburghou@sphinn.com;Aberg;39161 Merrick Point
896;Myriam;mmcgeaghov@spiegel.de;Mosinee;58544 Waubesa Center
897;Nathalie;ndurnfordow@clickbank.net;Oriole;92960 Declaration Hill
898;Gunner;gbreslinox@google.it;Fair Oaks;8346 Village Drive
899;Elana;erounsefulloy@google.es;Mitchell;1950 Scofield Plaza
900;Devan;dbernoz@macromedia.com;Fulton;330 Toban Way
901;Prentiss;pstratiffp0@usatoday.com;Stuart;02 Beilfuss Trail
902;Marin;maucottp1@com.com;Sloan;4 Barnett Lane
903;Bronny;bocuolahanp2@nytimes.com;Hollow Ridge;00304 Mesta Crossing
904;Claretta;chorburghp3@moonfruit.com;Myrtle;82 Darwin Court
905;Winny;wdufourep4@flickr.com;Gale;210 Scofield Center
906;Eleanor;ebeldanp5@hao123.com;Erie;194 Mayer Point
907;Brittaney;bsatterfittp6@so-net.ne.jp;Glendale;2912 Larry Center
908;Leah;lbamlettp7@oracle.com;Bluejay;636 Pearson Plaza
909;Cayla;ccraddockp8@scribd.com;Morrow;5 Fremont Street
910;Margaret;mworsfieldp9@earthlink.net;New Castle;05 Sommers Avenue
911;Christa;cenglefieldpa@nydailynews.com;Forest Dale;39038 Sugar Plaza
912;Kassie;kmessagepb@booking.com;Paget;8 American Ash Plaza
913;Louella;louverpc@netvibes.com;Moose;08 Pleasure Junction
914;Mannie;mserrurierpd@51.la;Loftsgordon;76 Spaight Center
915;Sammy;scolingpe@boston.com;6th;81 Corry Crossing
916;Valdemar;vbedinnpf@forbes.com;Di Loreto;15 Riverside Way
917;Mandel;msackspg@google.pl;Towne;31 Maryland Lane
918;Brantley;belnaughph@xrea.com;Armistice;27884 Columbus Way
919;Ardis;astonmanpi@addthis.com;Eagan;28380 Kedzie Avenue
920;Faith;fmaytepj@histats.com;Charing Cross;06871 Hansons Drive
921;Augustine;agammetpk@archive.org;Debs;560 Annamark Center
922;Loraine;lrookespl@bigcartel.com;Union;5757 Sachs Street
923;Felicle;flucianipm@topsy.com;Hoffman;87 Ronald Regan Circle
924;Clifford;ckattpn@livejournal.com;Everett;6 Carpenter Street
925;Sashenka;swattonpo@ftc.gov;Sutherland;3771 Bay Place
926;Bobinette;bsporespp@dropbox.com;Dovetail;975 Canary Junction
927;Rip;rclemmenpq@nbcnews.com;Shoshone;7 Arkansas Point
928;Blondie;bwilleypr@webmd.com;Rutledge;6000 Vera Street
929;Hunt;hpellingtonps@craigslist.org;Dapin;3 Superior Court
930;Pattin;pwhitept@slate.com;International;841 Green Ridge Circle
931;Tiena;tbazellepu@sitemeter.com;Fairview;318 Golf View Terrace
932;Melamie;mskainpv@vimeo.com;Heath;613 Grayhawk Street
933;Jedediah;jstorckepw@psu.edu;Marquette;658 Holy Cross Center
934;Saw;sautenpx@hud.gov;8th;3852 Walton Pass
935;Brennen;bmunsonpy@salon.com;Merrick;552 Fallview Parkway
936;Sheppard;sarnaudonpz@surveymonkey.com;Northfield;3849 Weeping Birch Crossing
937;Winne;wmosbyq0@spotify.com;Golf;09003 Corscot Hill
938;Clea;cduffetq1@icio.us;Graceland;1914 Meadow Ridge Crossing
939;Corbin;csinclairq2@upenn.edu;Colorado;8305 Petterle Court
940;Ceil;cferriesq3@amazon.co.uk;Weeping Birch;3 Hoffman Alley
941;Nananne;nlennoxq4@chronoengine.com;Porter;50012 Shopko Circle
942;Phoebe;pjarvisq5@reuters.com;Harbort;903 Hazelcrest Terrace
943;Aloin;atatteshallq6@xrea.com;Debra;49 Havey Court
944;Babbie;bgotq7@newsvine.com;Forster;71828 Pepper Wood Street
945;Hernando;hdemkowiczq8@moonfruit.com;Merrick;046 Dixon Court
946;Kort;kfetterq9@purevolume.com;Steensland;32 Magdeline Hill
947;Ephrayim;ewylderqa@amazon.de;Butterfield;76842 Ryan Crossing
948;Vladamir;vbruggerqb@skype.com;Mifflin;641 Farragut Plaza
949;Corny;cnevittqc@seattletimes.com;Arapahoe;9434 Everett Pass
950;Payton;pborleaseqd@sakura.ne.jp;Graceland;7 Sycamore Place
951;Zeb;zlecointeqe@apple.com;South;81 North Avenue
952;Marylinda;mtilliardqf@simplemachines.org;Canary;0 Hudson Junction
953;Nikki;nlyffeqg@jigsy.com;Homewood;1 Riverside Parkway
954;Joceline;jbonellieqh@homestead.com;Nova;09 Superior Crossing
955;Bradney;bbagbyqi@cyberchimps.com;5th;89362 Ronald Regan Junction
956;Ansley;aolahyqj@ning.com;Chive;60 Troy Place
957;Lawton;lbarajazqk@digg.com;Meadow Valley;48370 Scott Center
958;Gran;glottql@wikimedia.org;Truax;88 Eagle Crest Trail
959;Bernadette;bsalmondqm@addtoany.com;Memorial;15951 Arkansas Plaza
960;Gordie;gcowlandqn@reverbnation.com;Mcbride;98 Lyons Junction
961;Sallyann;sdeenyqo@domainmarket.com;Melby;4242 Westend Place
962;Maximilien;msummerillqp@jugem.jp;Ryan;35861 Dexter Point
963;Emmit;ekimbleyqq@disqus.com;Shasta;207 Roxbury Crossing
964;Sherman;sarterqr@google.com.br;Blackbird;76438 Almo Circle
965;Maggee;mtenchqs@mtv.com;Burrows;3705 Gale Trail
966;Langston;llystonqt@hp.com;Lindbergh;3703 Goodland Lane
967;Jaclin;jborellqu@globo.com;Brown;21003 Northland Parkway
968;Farica;fciccarelloqv@washington.edu;Anniversary;82840 Cardinal Trail
969;Codi;cruckqw@answers.com;Bobwhite;65540 Waubesa Parkway
970;Cliff;caistonqx@goo.gl;Sage;1 Havey Drive
971;Rudolph;rdrewittqy@alibaba.com;Jay;93 Fuller Lane
972;Vina;vbengalqz@sakura.ne.jp;Russell;411 Mockingbird Junction
973;Gram;gedgingtonr0@sina.com.cn;Lukken;3 Towne Terrace
974;Jeramey;jskacelr1@infoseek.co.jp;Del Sol;7 Lighthouse Bay Court
975;Ashlee;acheeldr2@com.com;Esch;8109 Anzinger Terrace
976;Rae;rcordinglyr3@plala.or.jp;Packers;94675 Eastwood Court
977;Alix;anottr4@independent.co.uk;Gerald;72640 Ramsey Court
978;Isabel;imarkussenr5@angelfire.com;Randy;9468 West Junction
979;Tabatha;tculletonr6@newyorker.com;Mcguire;86686 Magdeline Street
980;Brandy;bbrettellr7@phpbb.com;Blaine;2 Vera Street
981;Winonah;wbrasierr8@feedburner.com;7th;8503 Quincy Trail
982;Teresa;tdahmelr9@answers.com;Bayside;5 Acker Court
983;Eloise;ewillarsra@storify.com;Schlimgen;146 Green Pass
984;Gaile;gogormanrb@behance.net;Milwaukee;5985 South Pass
985;Goldi;gmulderrc@creativecommons.org;Logan;7048 Thompson Point
986;Pepi;pprydierd@ebay.com;Homewood;937 Superior Park
987;Tanya;tvanbaarenre@yahoo.co.jp;Fordem;90 Luster Road
988;Beauregard;bkirvellrf@etsy.com;Petterle;1343 Kennedy Terrace
989;Moselle;mkouburg@issuu.com;Pepper Wood;6 Longview Circle
990;Alastair;achieserh@princeton.edu;Hooker;78619 Prairie Rose Place
991;Walther;wfinanri@github.io;Chive;7904 Springs Center
992;Carolyne;cdailerj@networksolutions.com;Towne;13495 Columbus Junction
993;Babbette;btuttlerk@geocities.com;Kensington;44 Atwood Lane
994;Yolanthe;ycordenrl@yelp.com;Golf Course;0 Elka Court
995;Patsy;ppatricherm@abc.net.au;Hansons;59 Spaight Alley
996;Mace;mburnhardrn@independent.co.uk;Doe Crossing;6930 Clemons Park
997;Ashly;amcnessro@flickr.com;Dakota;04966 Forster Parkway
998;Sybil;ssmerdonrp@deviantart.com;Meadow Ridge;320 Stoughton Place
999;Adriena;apilmoorrq@tumblr.com;Mockingbird;171 Toban Park
1000;Town;tlampetrr@blogs.com;1st;97 Marquette Street
